{"cHW": {"reweighted": 3.608296, "direct": 3.618, "linear": -0.2295, "quadratic": 0.1719}, "cHWtil": {"reweighted": 3.818523, "direct": 3.829, "linear": 0.006256, "quadratic": 0.1431}, "cHj1": {"reweighted": 3.846772, "direct": 3.859, "linear": 0.02266, "quadratic": 0.167}, "cHj3": {"reweighted": 2.687455, "direct": 2.778, "linear": -1.51, "quadratic": 0.6386}, "cHbox": {"reweighted": 4.163543, "direct": 4.14, "linear": 0.4463, "quadratic": 0.01353}}